case,passed,error,ref.vertices,ref.triangles,ref.area_mm2,ref.volume_mm3,ref.inverted,ref.watertight,ref.boundary_edges,ref.nonmanifold_edges,ref.inconsistent_edges,ref.components,ref.euler,ref.genus,ref.self_intersections,ref.degenerate_triangles,ref.min_angle_deg,ref.min_angle_p5_deg,ref.aspect_ratio_p95,ref.edge_length_mean_mm,ref.dihedral_mean_deg,ref.dihedral_p95_deg,ref.sharp_edges,ref.sharp_edge_fraction,ref.mean_abs_curvature_per_mm,cand.vertices,cand.triangles,cand.area_mm2,cand.volume_mm3,cand.inverted,cand.watertight,cand.boundary_edges,cand.nonmanifold_edges,cand.inconsistent_edges,cand.components,cand.euler,cand.genus,cand.self_intersections,cand.degenerate_triangles,cand.min_angle_deg,cand.min_angle_p5_deg,cand.aspect_ratio_p95,cand.edge_length_mean_mm,cand.dihedral_mean_deg,cand.dihedral_p95_deg,cand.sharp_edges,cand.sharp_edge_fraction,cand.mean_abs_curvature_per_mm,orig.vertices,orig.triangles,orig.area_mm2,orig.volume_mm3,orig.inverted,orig.watertight,orig.boundary_edges,orig.nonmanifold_edges,orig.inconsistent_edges,orig.components,orig.euler,orig.genus,orig.self_intersections,orig.degenerate_triangles,orig.min_angle_deg,orig.min_angle_p5_deg,orig.aspect_ratio_p95,orig.edge_length_mean_mm,orig.dihedral_mean_deg,orig.dihedral_p95_deg,orig.sharp_edges,orig.sharp_edge_fraction,orig.mean_abs_curvature_per_mm,cand_ref.dice,cand_ref.jaccard,cand_ref.volume_diff_mm3,cand_ref.volume_diff_pct,cand_ref.abs_volume_diff_pct,cand_ref.area_diff_pct,cand_ref.hausdorff_mm,cand_ref.hd95_mm,cand_ref.assd_mm,cand_ref.rms_mm,cand_ref.signed_bias_mm,cand_ref.abs_signed_bias_mm,cand_ref.a_to_b_max_mm,cand_ref.b_to_a_max_mm,cand_ref.centroid_shift_mm,cand_ref.moments_max_rel_diff,cand_ref.curvature_ratio,cand_ref.triangle_ratio,cand_ref.raster_volume_error_pct,cand_ref.surface_dice@0.5,cand_ref.surface_dice@1,ref_orig.dice,ref_orig.jaccard,ref_orig.volume_diff_mm3,ref_orig.volume_diff_pct,ref_orig.abs_volume_diff_pct,ref_orig.area_diff_pct,ref_orig.hausdorff_mm,ref_orig.hd95_mm,ref_orig.assd_mm,ref_orig.rms_mm,ref_orig.signed_bias_mm,ref_orig.abs_signed_bias_mm,ref_orig.a_to_b_max_mm,ref_orig.b_to_a_max_mm,ref_orig.centroid_shift_mm,ref_orig.moments_max_rel_diff,ref_orig.curvature_ratio,ref_orig.triangle_ratio,ref_orig.raster_volume_error_pct,ref_orig.surface_dice@0.5,ref_orig.surface_dice@1,cand_orig.dice,cand_orig.jaccard,cand_orig.volume_diff_mm3,cand_orig.volume_diff_pct,cand_orig.abs_volume_diff_pct,cand_orig.area_diff_pct,cand_orig.hausdorff_mm,cand_orig.hd95_mm,cand_orig.assd_mm,cand_orig.rms_mm,cand_orig.signed_bias_mm,cand_orig.abs_signed_bias_mm,cand_orig.a_to_b_max_mm,cand_orig.b_to_a_max_mm,cand_orig.centroid_shift_mm,cand_orig.moments_max_rel_diff,cand_orig.curvature_ratio,cand_orig.triangle_ratio,cand_orig.raster_volume_error_pct,cand_orig.surface_dice@0.5,cand_orig.surface_dice@1,cand_ref_icp.dice,cand_ref_icp.jaccard,cand_ref_icp.volume_diff_mm3,cand_ref_icp.volume_diff_pct,cand_ref_icp.abs_volume_diff_pct,cand_ref_icp.area_diff_pct,cand_ref_icp.hausdorff_mm,cand_ref_icp.hd95_mm,cand_ref_icp.assd_mm,cand_ref_icp.rms_mm,cand_ref_icp.signed_bias_mm,cand_ref_icp.abs_signed_bias_mm,cand_ref_icp.a_to_b_max_mm,cand_ref_icp.b_to_a_max_mm,cand_ref_icp.centroid_shift_mm,cand_ref_icp.moments_max_rel_diff,cand_ref_icp.curvature_ratio,cand_ref_icp.triangle_ratio,cand_ref_icp.raster_volume_error_pct,cand_ref_icp.surface_dice@0.5,cand_ref_icp.surface_dice@1,icp.translation_mm,icp.rotation_deg,icp.rms_before_mm,icp.rms_after_mm,icp.iterations,icp.converged
chin_bolus,true,,3218,6432,13158.838306284846,31919.927615298842,0,1,0,0,0,1,2,0,0,0,0.6395209608490625,13.114357526200536,4.157151679068572,2.2944079305048373,7.203821364551935,26.660395918957036,361,0.037417081260364846,0.08108088305858945,3218,6432,13313.056376860664,32017.862958688722,0,1,0,0,0,1,2,0,0,0,0.2663322604151853,11.805709976283126,4.860357806612779,2.2663495914800755,10.093014390936593,33.56487263991287,678,0.07027363184079602,0.10005979188030326,1610,3216,13481.218068705595,30805.080720376947,0,1,0,0,0,1,2,0,0,1,0.000252768912626314,9.511793948317647,6.702608365239284,3.431015782000517,11.427290970728874,53.384680384314635,408,0.0845771144278607,0.10652620773924597,0.9906708112292623,0.9815140810856767,97.93534338987956,0.30681568132046866,0.30681568132046866,1.1719732926740314,0.8008093663042408,0.13275906009201235,0.04507097310542442,0.06236081255089212,0.007144408931863197,0.007144408931863197,0.8008093663042408,0.5264594066313479,0.052444006982524424,0.010372476570117622,1.2340737804742403,1,0.0016945015768285462,0.9999447960995035,1,0.9772532102485191,0.9555182377898087,1114.846894921895,3.6190357851730806,3.6190357851730806,-2.3913251812838787,1.3278604635768043,0.252544119998664,0.10784040960435029,0.13116002208003705,0.08313621288605444,0.08313621288605444,0.6474274513134617,1.3278604635768043,0.04110652858014287,0.030771716748363192,0.7611355438190254,2,0.0016945015768285462,0.997449889767589,0.9999645764539112,0.978824487869825,0.9585271838608765,1212.7822383117746,3.9369552357950597,3.9369552357950597,-1.2473775810754832,0.7629269842273595,0.14671261819013515,0.09977097666383619,0.10624881776127286,0.0903244348906824,0.0903244348906824,0.49199788137252926,0.7629269842273595,0.011684173993124353,0.04050351156959807,0.9392974180140613,2,0.0013522960855904854,0.9992704498776656,1,0.9915928703516871,0.9833259218402295,97.93534338999598,0.30681568132083337,0.30681568132083337,1.1719732926740591,0.8302402469387834,0.14052741948279146,0.04058053987218878,0.06160703250657241,0.007222309589335153,0.007222309589335153,0.8302402469387834,0.5239570395388901,0.07733815404443893,0.010372476570119636,1.2340737804742403,1,0.0016945015768285462,0.9999297087135763,1,0.03172317087159965,0.05027762046155511,0.04230009773779496,0.038021036398326546,9,1
ear_bolus,true,,2812,5620,10848.813624689323,24823.797763749895,0,1,0,0,0,1,2,0,0,0,1.6265212101731814,13.165754789666686,4.185603024370971,2.1950612849284687,7.361461194170925,22.897434975615703,155,0.018386714116251483,0.08530172095204394,2814,5624,11034.936637013287,24954.151528444912,0,1,0,0,0,1,2,0,0,0,0.39536214568843653,13.271724321392584,4.514884063390896,2.184953876591018,10.261289376972991,32.63473521720718,540,0.06401137980085349,0.10952058471498383,1408,2810,11133.803164998462,23914.11496990494,0,0,4,0,0,1,1,,0,0,0.14274076981564224,8.312865732328266,7.013509446605112,3.3179944376708717,13.579222969732271,55.86760010610667,535,0.1269878946119155,0.12774465028832818,0.9898318215896781,0.9798683454346714,130.35376469501716,0.5251161241950347,0.5251161241950347,1.715607058640883,0.6971789703115745,0.18283546168134004,0.04667415564846679,0.07460966275813392,0.01206539193533367,0.01206539193533367,0.6971789703115745,0.5556476611906821,0.03949429703051645,0.014922604599470302,1.2839199900381326,1.000711743772242,0.00202651118801297,0.999914447169902,1,0.9747310912712132,0.9507077440588394,909.6827938449569,3.803957599893453,3.803957599893453,-2.5596782706296293,1.0784848022718552,0.27337347007492035,0.11258733957363845,0.13510044674740604,0.08229110113365233,0.08229110113365233,0.7527288234660943,1.0784848022718552,0.03171687534175021,0.030666257608374773,0.6677518061187868,2,0.0037957564683924706,0.9966509511980611,0.9999746758921572,0.9776343683080831,0.9562472935344982,1040.036558539974,4.349048918803071,4.349048918803071,-0.8879852330781651,0.8176961956947997,0.14474789961713574,0.09883055062426392,0.10445977241841682,0.09375908930266595,0.09375908930266595,0.5646307596355875,0.8176961956947997,0.008549073816547957,0.04604648264468035,0.8573398922599778,2.001423487544484,0.0037957564683924706,0.9997791972491357,1,0.989845337960796,0.9798948370565261,130.35376469509356,0.5251161241953425,0.5251161241953425,1.7156070586408494,0.7022883980034899,0.18293026242646837,0.046610881810031105,0.07451473022924704,0.012049861746456808,0.012049861746456808,0.7022883980034899,0.5593024519425388,0.04477337750436211,0.014922604599469284,1.2839199900381326,1.000711743772242,0.0016570309989803645,0.99990940464451,1,0.007953906060725394,0.013682528913323267,0.04232793421714756,0.042120385575595935,4,1
eye_bolus,false,,1156,2308,4589.676867272706,10126.82007715785,0,1,0,0,0,1,2,0,0,0,0.23920885711703008,13.792698490310197,4.00617094146205,2.283429070874038,8.878599359979233,25.96905304500726,109,0.03148469093009821,0.11101419360133814,1156,2308,4710.904042565575,10262.28903239357,0,1,0,0,0,1,2,0,0,0,0.24216516573786465,12.551530119529819,4.342193093777812,2.2496249669020116,12.904532964914385,40.87426567145396,380,0.1097631426920855,0.1409425258331745,579,1154,4760.4853404085725,9847.447614462477,0,1,0,0,0,1,2,0,0,0,0.14989247509850034,8.5451772658717,6.4352059088091185,3.385117099664423,15.77007358468102,68.3406304301627,267,0.15424610051993068,0.14877900383266138,0.9861309583092118,0.9726413548091787,135.46895523571948,1.3377245196770555,1.3377245196770555,2.641300875826257,0.8140494370150658,0.22566066473512353,0.061189817711438284,0.09114766082752819,0.029470390851025992,0.029470390851025992,0.8140494370150658,0.5468336850120022,0.016888655576406817,0.03162358760870112,1.2695901421336415,1,0.01514067262745302,0.9997270020958273,1,0.9737561074116751,0.948854472552067,279.37246269537354,2.8370037966495247,2.8370037966495247,-3.588047455707677,1.164278409532325,0.2843406711149666,0.11248804867831184,0.13804898427831888,0.05886587767025639,0.05886587767025639,0.624404938590027,1.164278409532325,0.027581837738675886,0.018363022256985082,0.7461684158485221,2,0.018713962445210685,0.9974398104682516,0.9999745433007756,0.9772709856606854,0.9555522254269913,414.841417931093,4.212679611738531,4.212679611738531,-1.0415177087540883,0.5690799482470217,0.145765963462048,0.0959899363556571,0.10214876064674981,0.08742755902438169,0.08742755902438169,0.42576491915509823,0.5690799482470217,0.020946140543425636,0.045422017598448286,0.9473280651327594,2,0.018713962445210685,0.9999547644317732,1,0.9867829680801345,0.9739107584979667,135.4689552357413,1.3377245196772711,1.3377245196772711,2.6413008758262175,0.8440680773956305,0.23026806030940453,0.058291348147792646,0.09071308299384143,0.029498136010287883,0.029498136010287883,0.8440680773956305,0.5459682174705441,0.02930635261778749,0.03162358760869865,1.2695901421336415,1,0.016369516968546383,0.9996712852056991,1,0.01776960454844543,0.10157536081001443,0.05584222784477694,0.05319645652623629,7,1
larynx small,false,,2978,5956,13293.119847809141,29407.387790970282,0,1,0,0,0,1,0,1,0,0,0.20104945220777903,13.87581209735131,3.848594624580419,2.4095366576369295,10.925742687505348,30.98194271758069,500,0.05596597268860533,0.1307242728157083,2978,5960,13617.237153768308,29626.805222493556,0,1,0,0,0,1,-2,2,13,0,1.0782652080093715,12.124687217292488,4.598808295234009,2.4041143820784043,15.434589259543188,48.68317378731905,1202,0.1344519015659955,0.16016935336075816,1490,2978,14057.817739399026,28494.46447747247,0,0,4,0,0,1,-1,,0,0,0.5010677302317789,10.208687058268577,5.026443150615286,3.5758143122819837,18.77499606289336,67.35327733819959,855,0.19148936170212766,0.16664458329487483,0.9844145620259209,0.9693074804121464,219.417431523274,0.7461303026399626,0.7461303026399626,2.4382335348656747,1.3204130899528832,0.2171179020358583,0.06901810250199152,0.10018085491364513,0.016406827358179738,0.016406827358179738,1.0327490846132847,1.3204130899528832,0.10004037464198819,0.016069115125815003,1.225245701588723,1.0006715916722633,0.002226399793196647,0.9983112060350454,0.9999308431033233,0.9704889710155777,0.9426698147886111,912.9233134978131,3.203861978945293,3.203861978945293,-5.439662867777202,2.0104979914032852,0.397511135821007,0.12951259103019458,0.17976870005151555,0.06383136805598147,0.06383136805598147,0.9777679826742187,2.0104979914032852,0.07767354047995505,0.025751195206625315,0.7844495766441677,2,0.04602272476929877,0.9808867317586945,0.9976973724110297,0.975745180849082,0.9526390919575568,1132.340745021087,3.9738972666649266,3.9738972666649266,-3.1340610171373076,2.1929036540592546,0.21965611380079675,0.1051503752929629,0.13542033420730246,0.07986066544178508,0.07986066544178508,0.9452865657030087,2.1929036540592546,0.03143791672507716,0.03949975114989003,0.9611434718963601,2.0013431833445265,0.04542403145488593,0.9934089241712603,0.9982119811999035,0.9844373697127586,0.96935170747108,219.41743152335766,0.7461303026402472,0.7461303026402472,2.43823353486562,1.315359271155375,0.2183045933600001,0.06894732994228457,0.10027228697995007,0.016410465527626983,0.016410465527626983,1.0233399095423887,1.315359271155375,0.09798300997717212,0.016069115125817792,1.225245701588723,1.0006715916722633,0.002226399793209018,0.9983108447050497,0.9999308431033233,0.011325429359451626,0.028171825259595492,0.06514779509518355,0.0649156614058748,4,1
larynx_bolus,true,,10694,21388,44064.19259084796,181700.48517385288,0,1,0,0,0,1,0,1,0,0,0.35295601990210146,14.803202587826748,3.463580421466206,2.2916530683420473,8.1940914808254,32.550750268130045,1899,0.0591920703198055,0.0844267743653085,10694,21388,44343.89488633076,181765.07786383876,0,1,0,0,0,1,0,1,0,0,0.3805367235199148,18.072948661021663,2.7081629962151887,2.2612851113799444,8.154821878796858,31.160093546324575,1754,0.054672401969951996,0.08697092151589153,5349,10694,45688.91459490763,178456.80134810475,0,1,0,0,0,2,2,1,0,2,5.9764155237611605E-06,9.479280664111831,7.171872537570087,3.470043033240751,12.453860521168732,56.285327204819595,1786,0.11133969203914967,0.10931313679707429,0.9960922354519377,0.9922148932679657,64.59268998587504,0.03554899147576414,0.03554899147576414,0.6347609681174381,1.227691170032407,0.12115247551498486,0.0322345799141491,0.05992890734037944,0.0015232548845847656,0.0015232548845847656,1.1401667244012914,1.227691170032407,0.04210177707438879,0.0029359402114553044,1.0301343640060756,1,0.001331948165638594,0.9989792406967187,1,0.9849504688586668,0.9703471984772775,3243.6838257481286,1.8176297015549847,1.8176297015549847,-3.5560529692267044,3.7866023189416955,0.36352069420062477,0.12313085631363244,0.1725415826032269,0.07033762932435114,0.07033762932435114,1.2736683869066485,3.7866023189416955,0.03285695779810641,0.017242728320907213,0.772338776830052,2,0.002440182110719555,0.9800779145336749,0.9975174380897316,0.9862905754798191,0.9729519639680375,3308.2765157340036,1.8538248420584158,1.8538248420584158,-2.943864437363499,4.254684151302946,0.27038502057029556,0.11178085312020644,0.1505182010495758,0.07164688757643475,0.07164688757643475,1.0192913602060316,4.254684151302946,0.011993471567755001,0.017520540159324333,0.7956127146670561,2,0.002440182110719555,0.9878746738799435,0.9982798274187819,0.9960979916083937,0.9922263161962236,64.59268998599146,0.035548991475828205,0.035548991475828205,0.6347609681175372,1.225261638982105,0.1207346925577798,0.032176190484272484,0.05980573195282318,0.001528492229884822,0.001528492229884822,1.1435081583683335,1.225261638982105,0.039048334183777594,0.002935940211452218,1.0301343640060756,1,0.001331948165638594,0.9989892406967187,1,0.003521936572519672,0.002138850727733844,0.025682244820894207,0.025629218305196454,3,1
nose_bolus,true,,1568,3132,5814.077166935121,13772.011148825673,0,1,0,0,0,1,2,0,0,0,1.083396855874991,13.860056517893437,3.8554594937053785,2.2438765485730396,8.26951755471149,24.329399928099654,125,0.026607066836951895,0.11478977479769548,1568,3132,5950.286734986513,13841.946015560061,0,1,0,0,0,1,2,0,0,0,0.35678746299001146,12.38044112182199,4.523225034631057,2.2290524569201087,11.440858410624173,34.7223217609315,355,0.07556406981694339,0.1409463860379031,785,1566,6030.171395842264,13294.402572345722,0,1,0,0,0,1,2,0,0,0,1.0510250219095345,10.490229562552663,4.829654169029384,3.235565297901335,15.257952924987826,57.459574349253145,356,0.15155385270327798,0.15046597322772798,0.9857310221497115,0.9718635230655854,69.93486673438747,0.5078043139716072,0.5078043139716072,2.3427547337352377,0.6385828407065255,0.2001290911275211,0.06686968613040539,0.09130588226154243,0.011940243175786614,0.011940243175786614,0.6385828407065255,0.5285680327901272,0.047211896746732956,0.018988040525570654,1.2278653415454976,1,0.004689088191060425,0.9998690737480125,1,0.9738591489785241,0.9490501698758921,477.6085764799518,3.592553887855379,3.592553887855379,-3.583550362368442,1.0337864632946758,0.33619708457133984,0.1205549434902615,0.1550671895470441,0.08006750291869222,0.08006750291869222,0.7080685473310544,1.0337864632946758,0.039000556986843724,0.026227093417407716,0.7628952402677972,2,0.015412151697806045,0.9947552833150916,1,0.9783380713278739,0.9575947227469256,547.5434432143393,4.118601345451271,4.118601345451271,-1.3247494243833773,0.7172341520137495,0.17354035456134562,0.09887676446628457,0.10710178238507607,0.09118313588687874,0.09118313588687874,0.48200678856146634,0.7172341520137495,0.009339796304985248,0.04345290194736609,0.9367326247548532,2,0.015412151697806045,0.9998489998129455,1,0.9862234443347087,0.9728213173044814,69.93486673441475,0.5078043139718053,0.5078043139718053,2.342754733735206,0.6730252330169435,0.199277692930218,0.06472959887183292,0.09031450802363598,0.012002460545789025,0.012002460545789025,0.6730252330169435,0.541425264817188,0.07643266736598202,0.018988040525570436,1.2278653415454976,1,0.012219839224665493,0.9997835527312698,1,0.030051643079654314,0.09206605144222244,0.06521473650514072,0.06281769047610883,4,1
scalp_bolus,true,,8548,17092,41753.08236300619,104438.46661903111,0,1,0,0,0,1,2,0,0,0,0.14130691528130557,16.01636695353318,3.1466132471793458,2.450795920885126,5.529736740008,24.281862499872148,739,0.028824401279350962,0.04629813450832499,8548,17092,41997.55920664835,104604.98510373029,0,1,0,0,0,1,2,0,0,0,0.4145603447481641,15.523291495552325,3.184946805726809,2.4799333407576127,5.5568649529241725,24.36900029150091,812,0.03167173726499727,0.048965614306414766,4275,8546,42346.67659119216,100832.48900825903,0,1,0,0,0,1,2,0,0,1,8.445025536673895E-05,9.723839094316663,7.062107553227271,3.7954879676852027,7.023526484829769,21.94394404479356,492,0.038380528902410484,0.06305502791379226,0.9946040030631166,0.9892659271504496,166.51848469917604,0.15944171730000536,0.15944171730000536,0.585530049055176,0.657880547026434,0.08601708499077557,0.026971751467962286,0.044253582728185435,0.0040409742756721875,0.0040409742756721875,0.657880547026434,0.46851618244000337,0.0692868749381273,0.006755900261175417,1.057615276002322,1,0.0036354181824525575,0.9999648978313554,1,0.9777903575415048,0.9565458169518353,3605.9776107720827,3.576206088175333,3.576206088175333,-1.4017492657485942,1.8469260652439374,0.19293168973310043,0.10919531510274205,0.12519940216686642,0.08499948233570032,0.08499948233570032,0.678145721810101,1.8469260652439374,0.09241080723217668,0.03158744882552573,0.7342496869817106,2,0.0036354181824525575,0.9969916486395146,0.9997834824836521,0.9795771614467452,0.9599718121123003,3772.4960954712587,3.741349769876513,3.741349769876513,-0.8244268798567865,1.908631094323211,0.1383109596817378,0.10018145820879863,0.10722546872974882,0.08891192355533593,0.08891192355533593,0.4827877449872387,1.908631094323211,0.03502158913108428,0.036627825527643015,0.7765536853517804,2,0.001950590650438388,0.9992468956024565,0.9997891307686877,0.9955454116729622,0.9911303340563019,166.51848469831748,0.15944171729918327,0.15944171729918327,0.585530049055176,0.6887545184095543,0.09914874282526469,0.022278261312951964,0.04358432768556086,0.00400154071458661,0.00400154071458661,0.6887545184095543,0.5055202193980426,0.09558226894414656,0.006755900261169398,1.057615276002322,1,0.0036354181824525575,0.9999548686403142,1,0.03701536181462799,0.022762882628690737,0.02188654904325423,0.01589657007530008,10,1
small test,false,,23554,47104,10620.393012319311,97354.23978265078,0,1,0,0,0,1,2,0,0,0,0.8363378457139274,18.04960895244073,2.660854574149197,0.7628632943439719,1.3556560762428516,3.7355049896883523,17,0.00024060235507246378,0.05025744800363556,23554,47104,10640.196759977662,97586.59162389343,0,1,0,0,0,1,2,0,2,0,0.10082460598616418,20.43025610686252,1.8419704611442667,0.7419088834421689,0.9858245803866084,2.382706111507848,3,4.245923913043478E-05,0.04070552901066883,11778,23552,10575.141670074014,96627.16671484835,0,1,0,0,0,1,2,0,0,0,2.805299810872943,27.61416288169287,1.4217316422913961,1.0917065110831186,1.2570455284771662,4.273003247703497,0,0,0.03497490084904929,0.9988068599372554,0.9976165636479095,232.35184124264924,0.23866638141429564,0.23866638141429564,0.18646906602588717,0.056294629008970774,0.03742220042675769,0.021876450089502668,0.023972338142719613,0.02187645008950268,0.02187645008950268,0.056294629008970774,0.05455751953187702,0.00011443724478414566,0.0041340501162063885,0.8099402303062473,1,0.0011928661700559636,1,1,0.9962725404454765,0.9925727656067559,727.0730678024265,0.752452019987356,0.752452019987356,0.42790294122821765,0.09970855712890625,0.09876023823830266,0.0685678525944915,0.07005243812027487,0.06856785259449114,0.06856785259449114,0.09970855712890625,0.09970411009317517,0.00011433803792975008,0.01234193895418413,1.436957554806097,2,0.005086745646464992,1,1,0.9950794222664174,0.9902070315951137,959.4249090450758,0.9929142514096342,0.9929142514096342,0.6151699138721104,0.10058327180443305,0.09999073127520797,0.09042835058925475,0.09059895127155067,0.09042835058925568,0.09042835058925568,0.10058327180443305,0.10007658635416894,3.566821874067539E-06,0.016497694350916824,1.1638497328799522,2,0.005086745646464992,1,1,0.9988072611384425,0.997617364139269,232.35184124286752,0.23866638141451985,0.23866638141451985,0.1864690660259728,0.057650163685890404,0.037483491485512416,0.021880007518644985,0.02398423076786324,0.02187724839718425,0.02187724839718425,0.057650163685890404,0.05505602387606107,0.0011892140195408024,0.004134050116210373,0.8099402303062473,1,0.0010826231541740652,1,1,0.001427914146180989,0.1775402082226778,0.021830927315440004,0.021816620948810952,4,1
sphere,true,,9026,18048,80466.43497060463,2145924.250299573,0,1,0,0,0,1,2,0,0,0,0.7774131339368563,26.497457307492347,1.6949056920491041,3.371604725562013,1.477190246480275,2.7564783187956126,6,0.00022163120567375886,0.013454703228802796,9026,18048,80497.65798818898,2147163.8627680945,0,1,0,0,0,1,2,0,0,0,0.708079225121534,23.850227702704093,1.9432617855128145,3.376806224218744,1.4277930944575832,2.736606753362712,6,0.00022163120567375886,0.012952437958224186,4514,9024,80352.64230388186,2140815.396604936,0,1,0,0,0,1,2,0,0,0,1.8916629056509582,7.478153858667959,4.122147869365139,5.009605916898704,2.0629437353645277,3.7519909256152038,0,0,0.01250757039132946,0.9996983894684742,0.999396960819916,1239.6124685215764,0.057765900560027936,0.057765900560027936,0.03880253623234268,0.08064321339094062,0.03420708670085201,0.016053575219168722,0.01889565863553874,0.015402342307321262,0.015402342307321262,0.08064321339094062,0.06383327233521159,7.360265270809518E-05,0.0009682839381527867,0.9626699108826571,1,0.0003403682372169155,1,1,0.9988070172145673,0.9976168774533085,5108.85369463684,0.23864055269496096,0.23864055269496096,0.1416165834253787,0.09936563393342404,0.08364094551051278,0.06353576395657726,0.06503385776413649,0.06353571987225128,0.06353571987225128,0.09936563393342404,0.09684375985601718,2.0343077395711725E-05,0.003983808693393731,1.075724765709087,2,0.00021825538303596562,1,1,0.9985176610593461,0.9970397102714327,6348.466163158417,0.29654430611935456,0.29654430611935456,0.18047407048381603,0.11597423143247138,0.09554083881409911,0.07894142136107041,0.07986383427520549,0.0789414213610713,0.0789414213610713,0.11597423143247138,0.11143312465653596,8.492592995867924E-05,0.004955950089517005,1.035567864339434,2,0.0003403682372169155,1,1,0.9996982734691423,0.9993967289611623,1239.6124685253017,0.05776590056020154,0.05776590056020154,0.03880253623237885,0.07924726595033037,0.03421603862244344,0.016062933415511536,0.018913772066396748,0.015405926255436155,0.015405926255436155,0.07924726595033037,0.06588862533138767,0.000978723109098276,0.0009682839381522661,0.9626699108826571,1,0.0003395135780516164,1,1,0.0011176401406058415,0.07631993976316255,0.015817012087004426,0.01579986968082523,6,1
test bolus 107mL,true,,15214,30424,23060.358149974476,108807.15018434811,0,1,0,0,0,1,2,0,0,0,0.6684798338370078,17.25794838275489,2.8051447608248963,1.4130386506327068,4.527458873549052,14.118288442531934,157,0.003440266456306425,0.09070258674263688,15214,30424,23219.64276215954,108975.56474003928,0,1,0,0,0,1,2,0,0,0,0.4020662564251926,20.811450567665887,2.2455920375045486,1.3864466236108524,4.217005986395098,12.373545593987359,89,0.0019502147427469542,0.08743686417599274,7608,15212,23295.251897248494,106882.57277034035,0,1,0,0,0,1,2,0,0,4,0.0019574376613359025,5.4332137556453075,6.337080122567887,1.9198239278906604,6.92035381405357,22.38665466641277,556,0.024366728021737224,0.10736506307124062,0.9959871355203503,0.9920063484809442,168.41455569116806,0.1547826180594099,0.1547826180594099,0.6907291341667204,0.5993514863547748,0.10957702641644068,0.03786688889114445,0.05206134819223443,0.007186631157111835,0.007186631157111835,0.5993514863547748,0.43552996559168117,0.016744736880340557,0.005512023485127814,0.9639952653620515,1,0.001323193253674763,1,1,0.9892916211463935,0.9788101512213592,1924.5774140077556,1.8006466013342646,1.8006466013342646,-1.0083331500775161,1.0240125418853099,0.22407208666855322,0.09976057332322902,0.11914189445042012,0.08307594153015553,0.08307594153015553,0.8945505203988732,1.0240125418853099,0.015699678809994136,0.016463816888524954,0.8448054157286939,2,0.001323193253688137,0.999433353155793,1,0.9899980407991099,0.9801941786156463,2092.9919696989236,1.9582163073452175,1.9582163073452175,-0.3245688667478422,0.7241763322366127,0.14409475930462867,0.09287116507069593,0.09863812678432798,0.09001777163294838,0.09001777163294838,0.6359014837591688,0.7241763322366127,0.00969690553431477,0.021342765276351778,0.8143884209146806,2,9.669643742639605E-05,0.9998849105984768,1,0.9960822705832175,0.9921951185799689,168.41455569147365,0.15478261805969076,0.15478261805969076,0.6907291341667204,0.6005487097075034,0.11009295345108877,0.03700511636954268,0.051754605802866976,0.0071933076681150255,0.0071933076681150255,0.6005487097075034,0.4421852270772238,0.021225628546280413,0.005512023485123673,0.9639952653620515,1,0.001323193253674763,1,1,0.011839605347653348,0.007972551206753426,0.03574447735001344,0.034923524061274046,4,1
test bolus 7mm,true,,10596,21188,54290.66505176981,196154.165789329,0,1,0,0,0,1,2,0,0,0,0.17771528944136708,16.584355257096217,3.028958360277228,2.541601826637789,8.41284317943932,29.533221039092698,1530,0.04814045686237493,0.08064422410409637,10596,21188,54449.24560944159,195528.99043824317,0,1,0,0,0,1,2,0,0,0,0.7476849432046411,19.041418541597306,2.486405168809345,2.525081279582391,7.375159357263551,26.98776274475018,1280,0.04027436913976465,0.07420238531394611,5299,10594,56349.25918403401,191158.262446505,0,1,0,0,0,1,2,0,0,3,0,9.409427273791698,5.728152996887689,3.833267594293329,11.6885423755796,49.77437050645447,1582,0.09957200402819738,0.09823544965881263,0.9946894544819331,0.9894350147986757,-625.1753510858398,-0.31871632629881674,0.31871632629881674,0.2920954413075725,3.42503199923849,0.13286242528891445,0.0386842005306657,0.07335867633547825,-0.012065879567838618,0.012065879567838618,0.9114466512778797,3.42503199923849,0.04083298905486086,0.004179996678453603,0.9201202707110795,1,0.0021783968557610722,0.9986508604249208,0.9996654885463533,0.9802814561262124,0.9613255167472404,4995.903342824022,2.6134906641673985,2.6134906641673985,-3.65327630225081,3.17707386695479,0.47784069077697455,0.1413058962147346,0.21118464101499929,0.08832615720567488,0.08832615720567488,1.4147842839015332,3.17707386695479,0.035991941119988234,0.021613731581309536,0.8209279275881223,2,0.0021783968557759093,0.9647539340578929,0.9937448527169129,0.9824693126828412,0.9655426857672851,4370.727991738182,2.286444716435585,2.286444716435585,-3.3718519144804824,6.424400073384679,0.3934863187662098,0.1276288465528741,0.20776777956828305,0.07419939867264116,0.07419939867264116,1.2552611358528312,6.424400073384679,0.07353845656670832,0.018923011108376974,0.7553524269666686,2,0.0006696715188692463,0.9749021665977251,0.9948271733807925,0.9948131627812323,0.9896798544773645,-625.1753510846174,-0.3187163262981936,0.3187163262981936,0.29209544130759924,3.429158847264595,0.1388681110551493,0.037808627137103534,0.07430209967441875,-0.01209113502966927,0.01209113502966927,0.9097320894003459,3.429158847264595,0.04261594230191213,0.004179996678443767,0.9201202707110795,1,0.0021783968557907464,0.9985958968836038,0.9996604958380899,0.012949397526499276,0.00522575886033739,0.030979286457370563,0.029617810844178374,4,1
